{
  "akiec": {
    "precision": 0.7272727272727273,
    "recall": 0.36363636363636365,
    "f1-score": 0.48484848484848486,
    "support": 44.0
  },
  "bcc": {
    "precision": 0.8620689655172413,
    "recall": 0.7246376811594203,
    "f1-score": 0.7874015748031497,
    "support": 69.0
  },
  "bkl": {
    "precision": 0.8013698630136986,
    "recall": 0.6536312849162011,
    "f1-score": 0.72,
    "support": 179.0
  },
  "df": {
    "precision": 0.6875,
    "recall": 0.6111111111111112,
    "f1-score": 0.6470588235294118,
    "support": 18.0
  },
  "mel": {
    "precision": 0.6953125,
    "recall": 0.5426829268292683,
    "f1-score": 0.6095890410958904,
    "support": 164.0
  },
  "nv": {
    "precision": 0.8902765388046388,
    "recall": 0.974609375,
    "f1-score": 0.9305361305361305,
    "support": 1024.0
  },
  "vasc": {
    "precision": 0.78125,
    "recall": 1.0,
    "f1-score": 0.8771929824561403,
    "support": 25.0
  },
  "accuracy": 0.8575180564674983,
  "macro avg": {
    "precision": 0.7778643706583294,
    "recall": 0.6957583918074807,
    "f1-score": 0.7223752910384583,
    "support": 1523.0
  },
  "weighted avg": {
    "precision": 0.8486596453290163,
    "recall": 0.8575180564674983,
    "f1-score": 0.8476444686726246,
    "support": 1523.0
  }
}