{
  "evaluated_checkpoint": "/Users/angshumansmac/Desktop/BTECH/Sem6/Hackathon/models/efficientnetb3_20260519_200203_stratified.best.keras",
  "split_strategy": "image-stratified",
  "tta_runs": 4,
  "plain_test_accuracy": 0.823020625415835,
  "tta_test_accuracy": 0.8236859614105123,
  "classification_report": {
    "akiec": {
      "precision": 0.782608695652174,
      "recall": 0.3673469387755102,
      "f1-score": 0.5,
      "support": 49.0
    },
    "bcc": {
      "precision": 0.8275862068965517,
      "recall": 0.6233766233766234,
      "f1-score": 0.7111111111111111,
      "support": 77.0
    },
    "bkl": {
      "precision": 0.7304964539007093,
      "recall": 0.6242424242424243,
      "f1-score": 0.673202614379085,
      "support": 165.0
    },
    "df": {
      "precision": 0.42105263157894735,
      "recall": 0.47058823529411764,
      "f1-score": 0.4444444444444444,
      "support": 17.0
    },
    "mel": {
      "precision": 0.5609756097560976,
      "recall": 0.41317365269461076,
      "f1-score": 0.47586206896551725,
      "support": 167.0
    },
    "nv": {
      "precision": 0.8726457399103139,
      "recall": 0.967196819085487,
      "f1-score": 0.9174917491749175,
      "support": 1006.0
    },
    "vasc": {
      "precision": 0.7916666666666666,
      "recall": 0.8636363636363636,
      "f1-score": 0.8260869565217391,
      "support": 22.0
    },
    "accuracy": 0.8236859614105123,
    "macro avg": {
      "precision": 0.7124331434802087,
      "recall": 0.6185087224435909,
      "f1-score": 0.6497427063709734,
      "support": 1503.0
    },
    "weighted avg": {
      "precision": 0.8108735738484104,
      "recall": 0.8236859614105123,
      "f1-score": 0.8107312845737504,
      "support": 1503.0
    }
  },
  "label_names": {
    "0": "akiec",
    "1": "bcc",
    "2": "bkl",
    "3": "df",
    "4": "mel",
    "5": "nv",
    "6": "vasc"
  },
  "disease_names": {
    "akiec": "Actinic Keratoses",
    "bcc": "Basal Cell Carcinoma",
    "bkl": "Benign Keratosis",
    "df": "Dermatofibroma",
    "mel": "Melanoma",
    "nv": "Melanocytic Nevi",
    "vasc": "Vascular Lesions"
  },
  "evaluated_at": "2026-05-20T09:56:42.153087Z"
}